Location,2008__White,2008__Black,2008__Hispanic,2008__Asian/Native Hawaiian and Pacific Islander,2008__American Indian/Alaska Native,2008__Multiple Races,2008__Total,2009__White,2009__Black,2009__Hispanic,2009__Asian/Native Hawaiian and Pacific Islander,2009__American Indian/Alaska Native,2009__Multiple Races,2009__Total,2010__White,2010__Black,2010__Hispanic,2010__Asian/Native Hawaiian and Pacific Islander,2010__American Indian/Alaska Native,2010__Multiple Races,2010__Total,2011__White,2011__Black,2011__Hispanic,2011__Asian/Native Hawaiian and Pacific Islander,2011__American Indian/Alaska Native,2011__Multiple Races,2011__Total,2012__White,2012__Black,2012__Hispanic,2012__Asian/Native Hawaiian and Pacific Islander,2012__American Indian/Alaska Native,2012__Multiple Races,2012__Total,2013__White,2013__Black,2013__Hispanic,2013__Asian/Native Hawaiian and Pacific Islander,2013__American Indian/Alaska Native,2013__Multiple Races,2013__Total,2014__White,2014__Black,2014__Hispanic,2014__Asian/Native Hawaiian and Pacific Islander,2014__American Indian/Alaska Native,2014__Multiple Races,2014__Total,2015__White,2015__Black,2015__Hispanic,2015__Asian/Native Hawaiian and Pacific Islander,2015__American Indian/Alaska Native,2015__Multiple Races,2015__Total,2016__White,2016__Black,2016__Hispanic,2016__Asian/Native Hawaiian and Pacific Islander,2016__American Indian/Alaska Native,2016__Multiple Races,2016__Total,2017__White,2017__Black,2017__Hispanic,2017__Asian/Native Hawaiian and Pacific Islander,2017__American Indian/Alaska Native,2017__Multiple Races,2017__Total,2018__White,2018__Black,2018__Hispanic,2018__Asian/Native Hawaiian and Pacific Islander,2018__American Indian/Alaska Native,2018__Multiple Races,2018__Total,2019__White,2019__Black,2019__Hispanic,2019__Asian/Native Hawaiian and Pacific Islander,2019__American Indian/Alaska Native,2019__Multiple Races,2019__Total
United States,0.125,0.195,0.33,0.156,0.338,0.16,0.17,0.127,0.197,0.327,0.159,0.308,0.14,0.17,0.131,0.199,0.326,0.167,0.32,0.15,0.18,0.128,0.193,0.313,0.168,0.298,0.14,0.17,0.125,0.189,0.305,0.163,0.302,0.14,0.17,0.123,0.188,0.3,0.158,0.304,0.14,0.17,0.098,0.149,0.248,0.113,0.256,0.1,0.14,0.077,0.121,0.206,0.084,0.233,0.08,0.11,0.071,0.107,0.191,0.072,0.22,0.08,0.1,0.0733,0.1112,0.1889,0.072,0.2205,0.0789,0.1,0.07531,0.11457,0.18976,0.06843,0.21785,0.08071,0.10423,0.07848,0.11392,0.19967,0.0736,0.21701,0.08241,0.10862
Alabama,0.138,0.18,0.444,0.249,0.202,0.15,0.16,0.133,0.195,0.402,0.203,0.095,0.17,0.16,0.14,0.19,0.507,0.223,0.171,0.16,0.17,0.136,0.185,0.449,0.141,0.183,0.15,0.16,0.127,0.187,0.37,0.142,0.206,0.14,0.15,0.134,0.186,0.392,0.136,0.164,0.12,0.16,0.121,0.16,0.32,0.176,0.122,0.1,0.14,0.104,0.132,0.291,0.102,N/A,0.11,0.12,0.09,0.125,0.278,0.121,0.125,0.1,0.11,0.0985,0.121,0.2786,0.1235,N/A,0.0959,0.11,0.10095,0.13927,0.29723,0.09111,N/A,0.12581,0.122,0.10096,0.12536,0.26405,0.09658,N/A,0.09047,0.11598
Alaska,0.169,N/A,0.269,0.229,0.445,0.29,0.22,0.175,0.197,0.249,0.248,0.435,0.23,0.22,0.146,0.131,0.225,0.258,0.358,0.23,0.19,0.16,N/A,0.184,0.282,0.433,0.28,0.22,0.173,N/A,0.217,0.293,0.39,0.28,0.22,0.164,0.199,0.159,0.195,0.382,0.25,0.2,0.13,0.226,0.318,0.175,0.385,0.21,0.19,0.122,0.152,0.125,0.112,0.311,0.27,0.16,0.119,N/A,0.135,0.203,0.323,0.16,0.16,0.1153,N/A,0.0868,0.2341,0.2835,0.202,0.16,0.11167,N/A,0.11165,0.10294,0.23517,0.15282,0.13547,0.08988,N/A,0.20344,N/A,0.22206,0.18191,0.12943
Arizona,0.133,0.169,0.333,0.114,0.412,0.14,0.21,0.137,0.182,0.292,0.167,0.319,0.13,0.2,0.137,0.152,0.288,0.129,0.331,0.16,0.2,0.136,0.196,0.291,0.175,0.29,0.18,0.2,0.143,0.17,0.298,0.152,0.301,0.17,0.2,0.143,0.198,0.294,0.168,0.308,0.16,0.2,0.109,0.115,0.238,0.119,0.269,0.14,0.16,0.083,0.082,0.199,0.072,0.254,0.09,0.13,0.071,0.088,0.185,0.084,0.222,0.09,0.12,0.0815,0.0875,0.1765,0.0546,0.2218,0.0714,0.12,0.0818,0.11455,0.186,0.07128,0.24599,0.09344,0.12744,0.08634,0.11122,0.1941,0.09178,0.26356,0.09104,0.13414
Arkansas,0.19,0.209,0.39,0.188,0.274,0.24,0.21,0.177,0.186,0.369,0.279,0.214,0.18,0.19,0.182,0.219,0.377,0.239,0.26,0.2,0.2,0.183,0.189,0.328,0.328,0.152,0.23,0.2,0.181,0.201,0.294,0.193,0.317,0.1,0.19,0.172,0.204,0.337,0.179,0.215,0.16,0.19,0.124,0.135,0.307,N/A,N/A,0.1,0.14,0.094,0.103,0.269,0.132,0.149,0.09,0.11,0.082,0.071,0.236,0.123,0.136,0.11,0.09,0.0755,0.0797,0.252,0.149,0.1496,0.142,0.1,0.07907,0.09768,0.24474,0.10603,0.10196,0.11652,0.09869,0.09256,0.09061,0.26141,0.11754,0.31725,0.08495,0.10917
California,0.117,0.172,0.301,0.152,0.23,0.13,0.2,0.122,0.174,0.304,0.154,0.24,0.13,0.2,0.127,0.169,0.307,0.164,0.25,0.13,0.21,0.131,0.166,0.292,0.165,0.244,0.13,0.2,0.129,0.173,0.287,0.158,0.277,0.14,0.2,0.121,0.164,0.278,0.155,0.234,0.12,0.19,0.088,0.104,0.208,0.099,0.202,0.09,0.14,0.057,0.071,0.148,0.064,0.141,0.05,0.1,0.046,0.065,0.13,0.054,0.136,0.05,0.08,0.0489,0.0634,0.1238,0.0529,0.1174,0.0479,0.08,0.05071,0.06401,0.12241,0.04757,0.13837,0.05283,0.08185,0.05108,0.06392,0.13672,0.0565,0.14131,0.05138,0.08956
Colorado,0.136,0.208,0.355,0.164,0.358,0.16,0.19,0.126,0.207,0.337,0.132,0.245,0.12,0.17,0.132,0.213,0.312,0.186,0.272,0.13,0.18,0.131,0.192,0.286,0.217,0.24,0.13,0.17,0.123,0.173,0.288,0.145,0.257,0.16,0.16,0.123,0.164,0.271,0.118,0.329,0.1,0.16,0.088,0.113,0.218,0.101,0.143,0.1,0.12,0.064,0.073,0.176,0.091,0.254,0.06,0.09,0.06,0.067,0.175,0.073,0.156,0.05,0.09,0.0623,0.0849,0.1561,0.0554,0.196,0.0793,0.09,0.06412,0.08931,0.1613,0.05664,0.09153,0.06856,0.08796,0.06834,0.08623,0.15551,0.0798,0.15175,0.07156,0.09061
Connecticut,0.074,0.129,0.219,0.112,N/A,0.12,0.1,0.076,0.136,0.218,0.082,N/A,0.12,0.1,0.069,0.142,0.227,0.126,N/A,0.14,0.1,0.068,0.116,0.219,0.118,N/A,0.11,0.1,0.075,0.155,0.216,0.108,0.332,0.08,0.11,0.081,0.144,0.204,0.108,N/A,0.1,0.11,0.056,0.099,0.174,0.073,N/A,0.08,0.08,0.041,0.082,0.173,0.066,N/A,0.09,0.07,0.036,0.063,0.129,0.06,N/A,0.08,0.06,0.041,0.0746,0.1484,0.0587,N/A,0.0763,0.07,0.03922,0.07315,0.13955,0.05788,N/A,0.05708,0.06308,0.04774,0.0696,0.14351,0.05798,N/A,0.1091,0.07077
Delaware,0.091,0.155,0.295,N/A,N/A,0.14,0.12,0.106,0.1,0.307,N/A,0.503,N/A,0.12,0.102,0.097,0.239,N/A,N/A,N/A,0.12,0.087,0.089,0.261,N/A,N/A,0.09,0.1,0.082,0.087,0.219,0.157,N/A,N/A,0.1,0.104,0.105,0.218,0.189,N/A,N/A,0.12,0.075,0.075,0.199,N/A,N/A,N/A,0.09,0.055,0.058,0.161,0.043,N/A,N/A,0.06,0.052,0.064,0.166,N/A,N/A,0.09,0.07,0.0464,0.0631,0.1876,N/A,N/A,N/A,0.07,0.05436,0.0538,0.18723,N/A,N/A,N/A,0.06947,0.06658,0.08404,0.16923,N/A,N/A,N/A,0.0818
District of Columbia,0.042,0.093,0.207,N/A,N/A,N/A,0.09,0.045,0.085,0.156,0.11,N/A,N/A,0.08,0.054,0.097,0.161,N/A,N/A,N/A,0.09,0.049,0.094,0.178,N/A,N/A,N/A,0.09,0.024,0.077,0.121,N/A,N/A,N/A,0.06,0.036,0.085,0.112,N/A,N/A,N/A,0.07,0.024,0.06,0.17,N/A,N/A,N/A,0.06,0.02,0.043,0.113,N/A,N/A,N/A,0.04,0.015,0.05,0.12,N/A,N/A,N/A,0.04,0.0257,0.0381,0.0834,N/A,N/A,N/A,0.04,0.01078,0.05048,0.05994,N/A,N/A,N/A,0.0353,0.01444,0.05499,0.06791,N/A,N/A,N/A,0.03985
Florida,0.191,0.278,0.377,0.247,0.274,0.22,0.25,0.188,0.283,0.377,0.244,0.286,0.21,0.25,0.193,0.279,0.38,0.258,0.28,0.21,0.26,0.194,0.267,0.364,0.238,0.298,0.2,0.25,0.182,0.263,0.352,0.251,0.323,0.18,0.24,0.189,0.26,0.348,0.23,0.359,0.18,0.24,0.161,0.206,0.284,0.185,0.275,0.14,0.2,0.128,0.174,0.226,0.141,0.224,0.14,0.16,0.121,0.154,0.215,0.12,0.204,0.14,0.15,0.1282,0.168,0.2146,0.1189,0.2082,0.1151,0.16,0.13216,0.17188,0.21281,0.12634,0.27231,0.13652,0.16258,0.13334,0.17304,0.21158,0.13593,0.20584,0.13866,0.16346
Georgia,0.155,0.222,0.495,0.264,0.236,0.2,0.21,0.152,0.231,0.504,0.251,0.296,0.18,0.21,0.164,0.231,0.486,0.272,0.27,0.18,0.22,0.169,0.226,0.452,0.284,0.325,0.18,0.22,0.161,0.216,0.42,0.252,0.323,0.21,0.21,0.161,0.222,0.44,0.253,0.226,0.18,0.21,0.136,0.188,0.381,0.173,0.185,0.14,0.18,0.121,0.159,0.354,0.128,0.233,0.12,0.16,0.118,0.142,0.334,0.124,0.139,0.09,0.15,0.118,0.1503,0.3361,0.1368,0.2086,0.1506,0.15,0.12814,0.15358,0.33883,0.12113,N/A,0.12631,0.15884,0.12448,0.14836,0.34238,0.09953,0.21403,0.11951,0.15512
Hawaii,0.108,N/A,0.083,0.072,N/A,0.06,0.08,0.095,N/A,0.072,0.076,N/A,0.07,0.08,0.114,N/A,0.086,0.083,N/A,0.07,0.09,0.114,N/A,0.09,0.071,N/A,0.08,0.08,0.093,N/A,0.08,0.077,N/A,0.06,0.08,0.1,N/A,0.062,0.08,N/A,0.08,0.08,0.066,N/A,0.066,0.057,N/A,0.05,0.06,0.055,N/A,0.058,0.044,N/A,0.03,0.05,0.04,N/A,0.051,0.044,N/A,0.03,0.04,0.0521,N/A,0.0436,0.046,N/A,0.0382,0.05,0.03977,N/A,0.0697,0.04643,N/A,0.03729,0.04623,0.06176,N/A,0.05024,0.05204,N/A,0.034,0.0494
Idaho,0.167,N/A,0.41,N/A,0.374,0.18,0.2,0.17,N/A,0.349,N/A,0.411,0.13,0.19,0.183,0.378,0.329,0.206,0.359,0.17,0.2,0.159,N/A,0.323,N/A,0.328,0.12,0.18,0.16,N/A,0.333,0.179,0.365,0.16,0.18,0.167,N/A,0.298,N/A,0.27,0.22,0.19,0.126,N/A,0.325,0.212,0.259,0.12,0.16,0.11,N/A,0.256,N/A,0.3,N/A,0.13,0.098,N/A,0.249,N/A,0.283,0.08,0.12,0.106,N/A,0.2364,0.0817,0.241,0.1278,0.13,0.11399,N/A,0.23446,0.10022,0.1863,0.1496,0.13237,0.10918,N/A,0.20267,N/A,0.29741,0.09415,0.1242
Illinois,0.097,0.188,0.279,0.144,0.148,0.15,0.14,0.104,0.211,0.274,0.152,0.146,0.1,0.15,0.109,0.212,0.289,0.171,0.179,0.11,0.16,0.099,0.201,0.267,0.144,0.186,0.11,0.15,0.102,0.196,0.266,0.152,0.176,0.11,0.15,0.096,0.199,0.268,0.142,0.186,0.11,0.14,0.074,0.141,0.217,0.108,N/A,0.09,0.11,0.049,0.088,0.183,0.082,N/A,0.04,0.08,0.047,0.077,0.163,0.066,0.169,0.06,0.07,0.0511,0.0829,0.1672,0.0582,N/A,0.0688,0.08,0.05369,0.09674,0.16172,0.0734,N/A,0.06258,0.08202,0.05901,0.10202,0.16278,0.06824,N/A,0.05718,0.08583
Indiana,0.141,0.2,0.308,0.144,0.276,0.18,0.16,0.141,0.211,0.327,0.208,0.272,0.16,0.16,0.156,0.214,0.296,0.16,0.328,0.17,0.17,0.15,0.217,0.304,0.158,0.314,0.14,0.17,0.149,0.202,0.314,0.21,0.207,0.16,0.17,0.146,0.198,0.291,0.226,0.307,0.15,0.16,0.126,0.174,0.243,0.169,0.157,0.13,0.14,0.099,0.133,0.253,0.109,0.204,0.11,0.11,0.084,0.094,0.208,0.068,0.128,0.08,0.09,0.0842,0.1211,0.212,0.0812,0.1813,0.097,0.1,0.08388,0.12573,0.21219,0.09993,N/A,0.09253,0.09904,0.09257,0.11534,0.18982,0.09135,N/A,0.10837,0.10333
Iowa,0.089,0.142,0.24,0.158,N/A,0.19,0.1,0.089,0.212,0.299,0.062,N/A,0.09,0.1,0.093,0.171,0.289,0.142,0.334,0.13,0.11,0.093,0.158,0.262,0.098,0.258,0.06,0.1,0.087,0.145,0.228,0.146,0.513,0.09,0.1,0.093,0.15,0.204,0.08,0.312,0.14,0.1,0.061,0.117,0.14,N/A,N/A,N/A,0.07,0.045,0.124,0.158,0.121,N/A,0.04,0.06,0.04,N/A,0.149,N/A,N/A,N/A,0.05,0.0429,0.0505,0.1196,0.1089,N/A,N/A,0.05,0.0467,0.18481,0.13108,0.06168,N/A,0.0521,0.059,0.04531,0.07899,0.14745,0.0645,0.25914,N/A,0.0564
Kansas,0.114,0.223,0.316,0.174,0.232,0.14,0.14,0.112,0.232,0.351,0.131,0.222,0.17,0.15,0.129,0.212,0.307,0.163,0.243,0.16,0.16,0.115,0.18,0.298,0.181,0.233,0.19,0.15,0.118,0.163,0.293,0.135,0.244,0.19,0.15,0.115,0.199,0.282,0.144,0.161,0.16,0.14,0.095,0.177,0.27,0.088,0.268,0.1,0.12,0.076,0.178,0.247,0.135,0.2,0.1,0.11,0.073,0.177,0.208,0.074,0.099,0.09,0.1,0.0803,0.1218,0.1981,0.0931,0.1227,0.1079,0.1,0.08038,0.12645,0.22957,0.08391,0.10548,0.0514,0.10229,0.07877,0.1765,0.23897,0.08167,0.13564,0.1509,0.10948
Kentucky,0.152,0.201,0.359,0.106,N/A,0.12,0.16,0.156,0.197,0.385,0.137,0.196,0.17,0.17,0.165,0.198,0.396,0.209,N/A,0.18,0.18,0.157,0.228,0.336,0.108,N/A,0.12,0.17,0.15,0.192,0.303,0.18,N/A,0.16,0.16,0.158,0.185,0.363,0.162,0.378,0.19,0.17,0.091,0.133,0.306,0.116,N/A,0.08,0.1,0.063,0.061,0.255,0.129,N/A,0.07,0.07,0.054,0.056,0.215,0.075,N/A,N/A,0.06,0.0558,0.0716,0.2107,0.1205,N/A,0.0618,0.06,0.05758,0.06471,0.24428,0.07192,N/A,0.05503,0.06605,0.06936,0.0858,0.20209,0.07926,N/A,0.05178,0.07621
Louisiana,0.164,0.249,0.345,0.29,0.328,0.21,0.2,0.154,0.255,0.334,0.223,0.254,0.17,0.2,0.165,0.239,0.405,0.26,0.206,0.17,0.2,0.16,0.235,0.424,0.331,0.312,0.11,0.2,0.153,0.228,0.368,0.269,0.201,0.18,0.19,0.152,0.228,0.41,0.247,0.2,0.16,0.19,0.131,0.2,0.355,0.184,0.249,0.12,0.17,0.113,0.162,0.294,0.132,0.218,0.13,0.14,0.094,0.126,0.331,0.121,0.194,0.1,0.12,0.0788,0.0947,0.2791,0.0991,0.2002,0.0944,0.1,0.07749,0.08462,0.29373,0.1147,0.12757,0.0783,0.09267,0.08657,0.09883,0.29075,0.19866,N/A,0.0989,0.10449
Maine,0.125,N/A,N/A,N/A,N/A,0.12,0.13,0.12,N/A,N/A,N/A,N/A,0.22,0.12,0.128,N/A,0.14,N/A,N/A,N/A,0.13,0.134,N/A,0.156,N/A,N/A,N/A,0.13,0.123,N/A,N/A,N/A,N/A,N/A,0.12,0.131,N/A,0.248,N/A,N/A,0.13,0.13,0.121,N/A,0.133,N/A,N/A,0.12,0.12,0.103,N/A,0.17,N/A,0.252,0.1,0.11,0.096,N/A,0.166,N/A,N/A,N/A,0.1,0.0956,N/A,N/A,N/A,0.1675,N/A,0.1,0.09527,N/A,N/A,N/A,N/A,0.12194,0.09883,0.09784,0.10477,0.10317,N/A,N/A,0.20924,0.10224
Maryland,0.084,0.143,0.352,0.138,0.141,0.11,0.12,0.086,0.138,0.339,0.153,N/A,0.1,0.13,0.081,0.139,0.357,0.146,N/A,0.1,0.13,0.076,0.122,0.314,0.131,N/A,0.1,0.12,0.073,0.117,0.346,0.129,N/A,0.08,0.12,0.074,0.117,0.299,0.161,N/A,0.08,0.12,0.055,0.085,0.278,0.087,N/A,0.06,0.09,0.04,0.079,0.239,0.078,N/A,0.06,0.08,0.043,0.064,0.222,0.056,N/A,0.05,0.07,0.0403,0.064,0.2386,0.0553,N/A,0.035,0.07,0.0346,0.07213,0.22071,0.05104,N/A,0.0357,0.06895,0.03803,0.06175,0.21364,0.06563,N/A,0.05445,0.06865
Massachusetts,0.039,0.065,0.089,0.044,N/A,0.1,0.05,0.04,0.065,0.105,0.061,N/A,0.07,0.05,0.04,0.076,0.103,0.039,N/A,0.09,0.05,0.037,0.081,0.098,0.047,N/A,0.07,0.05,0.037,0.08,0.079,0.034,N/A,0.07,0.04,0.035,0.074,0.084,0.036,N/A,0.06,0.04,0.031,0.075,0.072,0.032,N/A,0.05,0.04,0.025,0.054,0.057,0.041,N/A,0.03,0.03,0.023,0.044,0.051,0.031,N/A,0.03,0.03,0.0242,0.0519,0.0553,0.0354,N/A,0.0549,0.03,0.0255,0.04561,0.05441,0.02936,N/A,0.04214,0.032,0.03,0.05549,0.05776,0.0277,N/A,0.03507,0.03593
Michigan,0.116,0.178,0.25,0.124,0.173,0.13,0.13,0.13,0.175,0.248,0.113,0.23,0.14,0.14,0.133,0.173,0.236,0.125,0.158,0.14,0.14,0.124,0.184,0.207,0.151,0.205,0.11,0.14,0.123,0.175,0.2,0.117,0.242,0.14,0.13,0.114,0.185,0.201,0.12,0.232,0.12,0.13,0.088,0.126,0.164,0.116,0.172,0.09,0.1,0.063,0.086,0.143,0.078,0.083,0.05,0.07,0.056,0.073,0.128,0.074,0.11,0.05,0.06,0.054,0.0721,0.1236,0.0442,0.1538,0.0584,0.06,0.05974,0.07161,0.11715,0.04244,0.12004,0.05531,0.06435,0.06381,0.07062,0.13157,0.05386,0.15677,0.07292,0.06925
Minnesota,0.081,0.142,0.321,0.083,0.311,0.09,0.1,0.084,0.149,0.316,0.106,0.257,0.15,0.1,0.082,0.202,0.255,0.109,0.244,0.15,0.1,0.079,0.159,0.292,0.125,0.236,0.12,0.1,0.075,0.137,0.313,0.107,0.236,0.11,0.1,0.073,0.17,0.286,0.124,0.297,0.08,0.1,0.05,0.11,0.263,0.066,0.212,0.05,0.07,0.035,0.073,0.215,0.068,0.197,0.06,0.05,0.035,0.072,0.188,0.038,0.204,0.06,0.05,0.0384,0.0688,0.176,0.0493,0.2198,0.0779,0.05,0.03656,0.05899,0.17588,0.06527,0.21953,0.05517,0.0508,0.04343,0.10548,0.15016,0.05899,0.13859,0.04966,0.05679
Mississippi,0.171,0.229,0.524,0.315,0.499,0.21,0.2,0.176,0.22,0.443,0.243,0.412,0.19,0.2,0.173,0.237,0.499,0.253,0.31,0.17,0.21,0.171,0.226,0.44,0.374,0.283,0.12,0.2,0.169,0.222,0.348,0.341,0.425,0.15,0.2,0.167,0.221,0.386,0.293,0.545,0.19,0.2,0.15,0.181,0.354,0.204,0.276,0.12,0.17,0.134,0.146,0.355,0.18,0.209,0.15,0.15,0.119,0.15,0.279,0.107,0.229,0.19,0.14,0.129,0.1498,0.2792,0.2108,0.2709,0.0719,0.14,0.12705,0.15763,0.29786,0.17927,0.14859,0.14008,0.14547,0.13968,0.15392,0.33926,0.22048,0.42455,0.13136,0.154
Missouri,0.136,0.187,0.322,0.164,0.208,0.15,0.15,0.139,0.211,0.306,0.134,0.175,0.16,0.15,0.137,0.217,0.304,0.141,0.225,0.15,0.15,0.142,0.207,0.327,0.162,0.22,0.18,0.16,0.147,0.214,0.327,0.159,0.3,0.11,0.16,0.137,0.214,0.286,0.165,0.191,0.14,0.15,0.121,0.19,0.26,0.153,0.211,0.12,0.14,0.106,0.141,0.212,0.122,0.118,0.07,0.11,0.096,0.123,0.23,0.109,0.193,0.09,0.11,0.0959,0.1442,0.1778,0.1504,0.2227,0.1084,0.11,0.10282,0.1336,0.21672,0.07286,0.23544,0.11624,0.11187,0.11445,0.13184,0.22867,0.08344,0.16394,0.10176,0.12114
Montana,0.19,0.655,0.316,N/A,0.505,0.28,0.22,0.198,N/A,0.293,N/A,0.492,0.21,0.22,0.175,N/A,0.254,N/A,0.445,0.23,0.2,0.189,0.561,0.271,0.468,0.514,0.23,0.22,0.197,N/A,0.242,N/A,0.412,0.28,0.22,0.17,N/A,0.25,N/A,0.509,0.23,0.2,0.135,0.662,0.273,N/A,0.398,0.17,0.16,0.119,N/A,0.142,N/A,0.39,0.16,0.14,0.086,N/A,0.164,N/A,0.263,N/A,0.1,0.091,N/A,0.1299,N/A,0.3108,0.1479,0.11,0.09158,N/A,N/A,N/A,0.24879,N/A,0.10001,0.08561,N/A,0.11364,N/A,0.32294,0.08872,0.103
Nebraska,0.098,0.225,0.286,0.117,0.4,N/A,0.12,0.106,0.198,0.31,N/A,0.369,0.14,0.13,0.108,0.156,0.323,0.089,0.381,0.23,0.14,0.108,0.219,0.303,0.172,0.379,0.15,0.14,0.096,0.224,0.307,0.109,0.375,0.15,0.13,0.098,0.208,0.247,0.133,0.463,0.13,0.12,0.084,0.133,0.261,N/A,0.367,0.11,0.11,0.071,0.155,0.194,N/A,0.295,0.08,0.09,0.076,0.197,0.237,N/A,0.297,0.11,0.1,0.0754,0.1481,0.2276,0.0817,0.2645,0.1118,0.1,0.07667,0.10742,0.21343,0.10415,0.23983,0.14721,0.09954,0.06425,0.18851,0.2125,0.11464,0.2745,0.12119,0.09433
Nevada,0.179,0.232,0.393,0.142,0.334,0.19,0.24,0.18,0.223,0.389,0.186,0.318,0.21,0.25,0.198,0.247,0.369,0.204,0.44,0.19,0.25,0.183,0.233,0.376,0.222,0.305,0.16,0.25,0.182,0.265,0.373,0.193,0.407,0.24,0.25,0.182,0.249,0.329,0.205,0.342,0.15,0.23,0.125,0.145,0.272,0.155,0.232,0.12,0.18,0.091,0.114,0.236,0.118,0.181,0.07,0.14,0.083,0.098,0.217,0.092,0.187,0.08,0.13,0.0921,0.1109,0.197,0.0966,0.1832,0.0922,0.13,0.08668,0.12268,0.2106,0.0894,0.24262,0.09207,0.13219,0.09338,0.08618,0.21704,0.1135,0.11343,0.08666,0.13491
New Hampshire,0.122,0.284,0.173,0.14,N/A,0.14,0.13,0.117,0.224,0.21,0.118,N/A,N/A,0.12,0.123,N/A,0.288,0.148,N/A,0.18,0.13,0.111,0.238,0.22,N/A,N/A,N/A,0.12,0.127,0.229,0.164,N/A,N/A,0.19,0.13,0.124,N/A,0.171,0.198,N/A,0.15,0.13,0.106,N/A,0.26,N/A,N/A,N/A,0.11,0.077,N/A,0.137,N/A,N/A,N/A,0.08,0.075,N/A,N/A,N/A,N/A,N/A,0.08,0.0646,N/A,0.0929,N/A,N/A,N/A,0.07,0.05927,N/A,0.14045,0.0801,N/A,N/A,0.06311,0.06909,0.15646,0.20539,0.13417,N/A,N/A,0.07855
New Jersey,0.086,0.159,0.301,0.152,0.23,0.15,0.14,0.088,0.161,0.308,0.138,N/A,0.15,0.14,0.091,0.155,0.316,0.161,0.244,0.14,0.15,0.091,0.161,0.302,0.143,N/A,0.16,0.15,0.087,0.167,0.29,0.152,N/A,0.14,0.15,0.093,0.177,0.309,0.131,N/A,0.17,0.15,0.073,0.141,0.254,0.121,N/A,0.14,0.13,0.054,0.108,0.215,0.102,N/A,0.09,0.1,0.044,0.091,0.208,0.069,N/A,0.07,0.09,0.0478,0.097,0.1916,0.0633,N/A,0.0641,0.09,0.04632,0.09088,0.18434,0.05825,N/A,0.10664,0.08626,0.04881,0.10438,0.20019,0.05999,N/A,0.09348,0.09313
New Mexico,0.157,0.124,0.276,0.128,0.5,0.18,0.24,0.158,0.151,0.264,0.181,0.427,0.09,0.23,0.144,0.226,0.254,0.183,0.459,0.14,0.23,0.143,0.099,0.266,0.203,0.417,0.18,0.23,0.147,0.175,0.24,0.151,0.398,0.09,0.22,0.133,0.241,0.256,0.157,0.411,0.17,0.22,0.109,0.117,0.192,0.162,0.322,0.09,0.17,0.084,N/A,0.138,0.073,0.255,N/A,0.13,0.062,N/A,0.116,N/A,0.239,0.06,0.11,0.0727,N/A,0.1118,N/A,0.2267,0.0775,0.11,0.06392,0.09382,0.12716,N/A,0.21304,0.07673,0.11209,0.07911,N/A,0.1227,0.0649,0.24945,N/A,0.11807
New York,0.089,0.156,0.244,0.175,0.274,0.14,0.13,0.089,0.146,0.237,0.171,0.175,0.14,0.13,0.09,0.153,0.241,0.18,0.276,0.14,0.14,0.087,0.145,0.232,0.171,0.181,0.13,0.13,0.081,0.132,0.223,0.184,0.176,0.12,0.13,0.084,0.132,0.218,0.161,0.218,0.11,0.12,0.064,0.102,0.182,0.127,0.11,0.1,0.1,0.052,0.091,0.15,0.096,0.112,0.08,0.08,0.045,0.075,0.126,0.09,0.115,0.06,0.07,0.043,0.071,0.1197,0.0795,0.1126,0.0556,0.07,0.03977,0.0643,0.11324,0.06876,0.12179,0.05535,0.06187,0.03911,0.06543,0.11282,0.07248,0.12851,0.05625,0.06201
North Carolina,0.142,0.193,0.473,0.184,0.282,0.17,0.18,0.14,0.199,0.462,0.177,0.323,0.18,0.18,0.148,0.214,0.445,0.198,0.32,0.16,0.19,0.144,0.203,0.44,0.196,0.267,0.14,0.19,0.147,0.204,0.434,0.231,0.246,0.12,0.19,0.138,0.206,0.401,0.196,0.232,0.15,0.18,0.12,0.161,0.355,0.119,0.202,0.11,0.15,0.099,0.128,0.346,0.104,0.181,0.1,0.13,0.093,0.124,0.302,0.107,0.211,0.08,0.12,0.0991,0.1247,0.3049,0.0864,0.1822,0.0799,0.13,0.101,0.12492,0.30276,0.08611,0.20746,0.08868,0.12875,0.10512,0.13601,0.32008,0.09112,0.16334,0.10484,0.13631
North Dakota,0.089,N/A,0.18,N/A,0.425,N/A,0.11,0.1,0.368,0.195,N/A,0.261,N/A,0.11,0.094,N/A,N/A,N/A,0.447,N/A,0.12,0.091,N/A,0.244,N/A,0.41,0.14,0.12,0.099,0.299,0.301,N/A,0.34,N/A,0.12,0.095,N/A,0.208,N/A,0.347,0.29,0.12,0.066,N/A,N/A,N/A,0.289,N/A,0.09,0.068,N/A,0.203,N/A,0.314,N/A,0.1,0.062,0.28,0.293,N/A,0.297,N/A,0.09,0.0674,N/A,0.1813,N/A,0.2729,N/A,0.09,0.06396,0.31611,N/A,N/A,0.29101,N/A,0.08954,0.06257,N/A,0.14784,N/A,0.25619,N/A,0.08582
Ohio,0.122,0.204,0.256,0.117,0.202,0.13,0.14,0.131,0.189,0.255,0.121,0.212,0.13,0.14,0.133,0.178,0.267,0.131,0.189,0.11,0.14,0.13,0.18,0.258,0.127,0.188,0.13,0.14,0.124,0.187,0.231,0.14,0.13,0.11,0.14,0.118,0.162,0.229,0.15,0.173,0.13,0.13,0.09,0.128,0.178,0.08,N/A,0.1,0.1,0.069,0.092,0.162,0.091,N/A,0.07,0.08,0.06,0.074,0.155,0.045,N/A,0.06,0.07,0.0626,0.083,0.1566,0.0433,N/A,0.0695,0.07,0.06986,0.09893,0.14911,0.0691,N/A,0.07313,0.07721,0.07296,0.095,0.1668,0.06458,N/A,0.07585,0.07997
Oklahoma,0.188,0.211,0.365,0.236,0.349,0.25,0.22,0.173,0.214,0.41,0.28,0.341,0.24,0.21,0.184,0.215,0.398,0.206,0.326,0.23,0.22,0.172,0.244,0.377,0.178,0.32,0.25,0.21,0.166,0.208,0.387,0.243,0.346,0.23,0.21,0.162,0.23,0.352,0.182,0.32,0.23,0.21,0.139,0.207,0.285,0.148,0.295,0.21,0.18,0.124,0.192,0.295,0.092,0.294,0.19,0.17,0.119,0.174,0.277,0.111,0.308,0.18,0.16,0.1226,0.1702,0.2575,0.152,0.3181,0.1916,0.16,0.12374,0.16925,0.24567,0.09419,0.29871,0.19054,0.16089,0.14171,0.17307,0.28096,0.1257,0.2849,0.18236,0.17626
Oregon,0.162,0.145,0.363,0.165,0.273,0.19,0.19,0.173,0.211,0.366,0.18,0.3,0.17,0.2,0.173,0.212,0.346,0.17,0.302,0.17,0.2,0.159,0.186,0.3,0.188,0.279,0.15,0.18,0.151,0.195,0.284,0.129,0.259,0.15,0.17,0.154,0.151,0.295,0.157,0.208,0.15,0.17,0.099,0.102,0.216,0.112,0.178,0.09,0.12,0.065,0.071,0.179,0.072,0.157,0.07,0.08,0.059,N/A,0.152,0.056,0.141,0.05,0.07,0.0652,0.066,0.1652,0.0594,0.148,0.0688,0.08,0.07023,0.07998,0.17049,0.06641,0.14475,0.07206,0.08642,0.07041,0.08984,0.17008,0.05221,0.14992,0.05969,0.08565
Pennsylvania,0.097,0.158,0.229,0.132,0.155,0.12,0.11,0.101,0.157,0.215,0.14,N/A,0.14,0.11,0.105,0.164,0.218,0.145,N/A,0.13,0.12,0.104,0.158,0.212,0.162,0.168,0.13,0.12,0.099,0.16,0.204,0.148,N/A,0.09,0.11,0.096,0.168,0.2,0.18,N/A,0.11,0.11,0.088,0.148,0.194,0.1,N/A,0.07,0.1,0.063,0.108,0.144,0.086,N/A,0.06,0.08,0.06,0.08,0.146,0.065,N/A,0.07,0.07,0.0582,0.0757,0.1264,0.0699,N/A,0.0558,0.07,0.06022,0.08131,0.12277,0.05679,N/A,0.04919,0.06761,0.06178,0.07248,0.12953,0.06976,N/A,0.06039,0.06932
Rhode Island,0.089,0.163,0.286,0.143,N/A,0.18,0.12,0.096,0.167,0.297,0.123,N/A,0.22,0.13,0.109,0.182,0.29,0.179,N/A,0.06,0.14,0.104,0.167,0.221,0.148,N/A,0.15,0.13,0.099,0.188,0.269,0.206,N/A,0.11,0.13,0.1,0.187,0.313,0.152,N/A,0.11,0.14,0.057,0.131,0.171,0.141,N/A,0.09,0.08,0.04,0.089,0.14,N/A,N/A,N/A,0.06,0.034,0.063,0.111,N/A,N/A,N/A,0.05,0.0315,0.0774,0.1208,N/A,N/A,0.0905,0.05,0.03669,N/A,0.09381,N/A,N/A,N/A,0.04792,0.03375,0.06134,0.10214,N/A,N/A,N/A,0.05055
South Carolina,0.158,0.227,0.487,0.205,0.262,0.29,0.2,0.157,0.224,0.463,0.249,0.233,0.19,0.19,0.167,0.231,0.478,0.247,0.254,0.16,0.2,0.162,0.217,0.425,0.268,0.202,0.25,0.2,0.171,0.204,0.409,0.213,0.314,0.13,0.19,0.156,0.201,0.412,0.233,0.254,0.16,0.19,0.136,0.171,0.375,0.189,0.133,0.13,0.16,0.11,0.131,0.316,0.139,0.115,0.12,0.13,0.1,0.116,0.315,0.125,N/A,0.09,0.12,0.1122,0.1459,0.3061,0.1302,0.1871,0.1065,0.13,0.10649,0.13257,0.2835,0.1358,N/A,0.1342,0.12714,0.1111,0.1342,0.32493,0.13262,N/A,0.08675,0.13147
South Dakota,0.099,N/A,0.211,N/A,0.377,0.32,0.13,0.125,N/A,0.266,N/A,0.417,0.3,0.16,0.098,N/A,0.132,N/A,0.442,0.25,0.14,0.101,N/A,0.328,N/A,0.346,N/A,0.14,0.097,N/A,0.26,N/A,0.311,0.16,0.12,0.104,N/A,0.356,N/A,0.431,0.22,0.15,0.078,N/A,0.215,N/A,0.43,0.17,0.12,0.086,N/A,0.278,N/A,0.396,0.28,0.13,0.066,0.182,0.165,N/A,0.336,N/A,0.1,0.0758,N/A,0.1756,N/A,0.3606,N/A,0.11,0.07054,N/A,0.20044,N/A,0.3845,0.13149,0.11077,0.08549,N/A,0.20596,N/A,0.31217,N/A,0.11508
Tennessee,0.135,0.179,0.458,0.161,0.337,0.15,0.16,0.142,0.188,0.43,0.219,0.181,0.12,0.16,0.143,0.184,0.421,0.181,0.32,0.18,0.17,0.148,0.19,0.441,0.161,0.217,0.19,0.17,0.142,0.166,0.4,0.213,0.34,0.15,0.16,0.141,0.17,0.419,0.216,0.316,0.12,0.16,0.121,0.142,0.363,0.181,0.212,0.12,0.14,0.099,0.137,0.345,0.111,N/A,0.1,0.12,0.09,0.112,0.326,0.098,N/A,0.08,0.11,0.0948,0.1177,0.2997,0.1086,N/A,0.073,0.11,0.10206,0.13795,0.29604,0.11549,0.14796,0.09532,0.12086,0.09952,0.12304,0.36533,0.08817,N/A,0.10447,0.12132
Texas,0.162,0.238,0.4,0.219,0.274,0.2,0.26,0.164,0.237,0.394,0.216,0.272,0.17,0.26,0.165,0.234,0.386,0.213,0.276,0.19,0.26,0.159,0.222,0.371,0.24,0.198,0.17,0.26,0.159,0.215,0.36,0.214,0.213,0.18,0.25,0.153,0.21,0.358,0.198,0.18,0.17,0.25,0.13,0.169,0.318,0.15,0.154,0.13,0.21,0.112,0.159,0.287,0.119,0.183,0.12,0.19,0.113,0.151,0.28,0.114,0.191,0.11,0.19,0.1197,0.1647,0.2872,0.1191,0.239,0.1167,0.2,0.1265,0.16351,0.29005,0.1179,0.15434,0.12207,0.19951,0.12982,0.164,0.30757,0.11913,0.20989,0.12234,0.20873
Utah,0.124,0.29,0.41,0.133,0.343,0.15,0.16,0.12,0.196,0.372,0.159,0.37,0.11,0.16,0.129,0.193,0.39,0.154,0.354,0.17,0.17,0.121,0.178,0.409,0.156,0.337,0.12,0.17,0.109,0.199,0.395,0.149,0.339,0.15,0.15,0.113,0.13,0.328,0.169,0.31,0.11,0.15,0.101,N/A,0.336,0.133,0.208,0.07,0.14,0.083,0.108,0.286,0.145,0.39,0.07,0.12,0.068,N/A,0.225,0.102,0.286,0.07,0.09,0.0717,0.0709,0.2547,0.0746,0.2325,0.063,0.1,0.06866,0.18176,0.23938,0.11732,0.28527,0.08828,0.10027,0.07653,0.26068,0.23182,0.11866,0.3671,0.09593,0.10761
Vermont,0.098,N/A,N/A,N/A,N/A,0.27,0.1,0.1,N/A,N/A,N/A,N/A,N/A,0.1,0.092,N/A,N/A,N/A,N/A,N/A,0.09,0.079,N/A,N/A,N/A,0.527,N/A,0.09,0.073,N/A,N/A,N/A,N/A,N/A,0.08,0.084,N/A,N/A,N/A,N/A,0.13,0.08,0.055,N/A,N/A,N/A,N/A,N/A,0.06,0.048,N/A,N/A,N/A,N/A,N/A,0.05,0.043,N/A,N/A,N/A,N/A,N/A,0.04,0.0524,N/A,N/A,N/A,N/A,N/A,0.05,0.0449,N/A,N/A,N/A,N/A,N/A,0.04825,0.05012,N/A,0.21473,N/A,N/A,N/A,0.05549
Virginia,0.1,0.169,0.333,0.15,0.176,0.11,0.13,0.099,0.169,0.339,0.162,N/A,0.11,0.13,0.106,0.18,0.347,0.167,0.212,0.12,0.15,0.102,0.177,0.332,0.161,0.205,0.13,0.14,0.106,0.176,0.299,0.18,0.212,0.12,0.14,0.103,0.173,0.328,0.15,0.196,0.11,0.14,0.09,0.155,0.278,0.138,0.226,0.09,0.12,0.082,0.131,0.23,0.097,0.118,0.09,0.11,0.076,0.106,0.268,0.086,N/A,0.1,0.1,0.0765,0.1224,0.2417,0.0758,N/A,0.0669,0.1,0.07392,0.11691,0.24742,0.07359,N/A,0.07796,0.10102,0.06682,0.09601,0.25784,0.07667,N/A,0.06643,0.09399
Washington,0.119,0.189,0.323,0.145,0.316,0.14,0.15,0.128,0.174,0.306,0.153,0.284,0.13,0.15,0.133,0.173,0.31,0.163,0.282,0.15,0.16,0.13,0.2,0.322,0.161,0.252,0.13,0.16,0.127,0.18,0.313,0.155,0.277,0.13,0.16,0.135,0.17,0.308,0.153,0.319,0.12,0.16,0.085,0.085,0.215,0.095,0.23,0.09,0.11,0.054,0.075,0.189,0.058,0.193,0.05,0.08,0.049,0.07,0.17,0.055,0.163,0.06,0.07,0.0514,0.0777,0.1744,0.0463,0.1359,0.0553,0.07,0.05292,0.10694,0.19138,0.05487,0.16953,0.04592,0.07635,0.05522,0.08987,0.18752,0.05879,0.13145,0.04639,0.07694
West Virginia,0.18,0.204,0.339,N/A,N/A,0.16,0.18,0.166,0.234,0.171,N/A,N/A,0.19,0.17,0.171,0.21,0.286,0.231,N/A,0.15,0.17,0.181,0.302,0.174,0.183,N/A,0.17,0.18,0.169,0.213,0.165,0.187,N/A,0.13,0.17,0.161,0.164,0.38,N/A,N/A,0.11,0.16,0.107,0.125,0.145,N/A,N/A,0.12,0.11,0.067,0.097,N/A,N/A,N/A,N/A,0.07,0.058,0.117,0.134,N/A,N/A,N/A,0.06,0.0701,0.0602,N/A,N/A,N/A,N/A,0.07,0.07389,0.11491,0.10699,N/A,N/A,N/A,0.07614,0.08148,0.10071,0.15731,N/A,N/A,N/A,0.08228
Wisconsin,0.085,0.15,0.273,0.134,0.264,0.11,0.1,0.087,0.151,0.286,0.114,0.188,0.13,0.1,0.09,0.146,0.289,0.133,0.336,0.13,0.11,0.087,0.155,0.259,0.146,0.251,0.11,0.11,0.087,0.157,0.266,0.129,0.23,0.11,0.11,0.087,0.146,0.246,0.132,0.201,0.12,0.1,0.068,0.123,0.232,0.127,0.273,0.07,0.09,0.052,0.084,0.207,0.067,0.19,0.07,0.07,0.048,0.084,0.164,0.071,0.192,0.06,0.06,0.0505,0.0734,0.1368,0.0799,0.2239,0.0447,0.06,0.0509,0.09052,0.16794,0.09283,0.25635,0.04961,0.06604,0.05124,0.08861,0.21775,0.07421,0.18548,0.06184,0.06934
Wyoming,0.152,N/A,0.226,N/A,0.38,0.2,0.16,0.153,N/A,0.353,N/A,0.424,N/A,0.18,0.153,N/A,0.275,N/A,0.364,N/A,0.17,0.161,N/A,0.289,N/A,0.26,N/A,0.18,0.164,N/A,0.297,N/A,0.398,0.21,0.18,0.133,N/A,0.205,N/A,0.482,N/A,0.15,0.13,N/A,0.212,N/A,0.365,N/A,0.14,0.104,N/A,0.22,N/A,0.396,N/A,0.12,0.116,N/A,0.181,N/A,0.409,N/A,0.13,0.1233,N/A,0.2877,N/A,0.3176,N/A,0.15,0.11398,N/A,0.17498,N/A,0.35312,N/A,0.12715,0.12543,N/A,0.23845,N/A,0.48929,N/A,0.14795
Puerto Rico,0.143,N/A,0.101,N/A,N/A,N/A,0.1,0.08,N/A,0.094,N/A,N/A,N/A,0.09,0.064,N/A,0.094,N/A,N/A,N/A,0.09,0.144,N/A,0.089,0.647,N/A,N/A,0.09,0.125,N/A,0.084,N/A,N/A,N/A,0.08,0.087,N/A,0.076,0.799,N/A,N/A,0.08,0.132,N/A,0.071,N/A,N/A,N/A,0.07,N/A,N/A,0.067,N/A,N/A,N/A,0.07,0.065,N/A,0.076,0.55,N/A,N/A,0.08,N/A,N/A,0.0829,N/A,N/A,N/A,0.08,0.15236,N/A,0.07799,N/A,N/A,N/A,0.07893,0.11216,N/A,0.09565,0.56409,N/A,N/A,0.09655